{
  "rouge1": 0.16096257686841872,
  "rouge2": 0.054238769217168185,
  "rougeL": 0.13130406008752973,
  "rougeLsum": 0.13326223829317446
}